tenant_id,recency_days,frequency_count,monetary_total,is_churned
user_1,75,15,710.37,0
user_2,83,8,466.27,0
user_3,315,11,774.61,0
user_4,302,19,1387.56,0
user_5,9,19,1437.55,0
user_6,52,16,1099.83,0
user_7,51,15,873.67,0
user_8,276,5,155.96,1
user_9,247,10,480.07,0
user_10,54,16,844.98,0
user_11,92,8,431.26,0
user_12,102,3,194.73,0
user_13,164,13,993.48,1
user_14,353,15,373.55,0
user_15,325,1,40.88,1
user_16,151,17,1419.86,1
user_17,224,17,406.27,0
user_18,140,14,1293.45,0
user_19,146,18,524.47,1
user_20,16,17,746.66,1
user_21,268,12,977.37,0
user_22,25,7,155.83,0
user_23,336,6,265.23,0
user_24,363,2,170.4,1
user_25,6,7,615.81,0
user_26,14,7,315.0,0
user_27,291,9,782.26,1
user_28,91,2,187.47,1
user_29,146,14,653.37,1
user_30,361,11,513.38,1
user_31,346,9,318.31,1
user_32,263,5,182.75,0
user_33,219,13,841.04,0
user_34,304,3,120.58,0
user_35,168,12,858.44,1
user_36,57,1,35.52,0
user_37,151,13,610.09,0
user_38,267,18,1169.29,1
user_39,333,10,757.75,0
user_40,240,11,943.93,1
user_41,279,13,752.97,0
user_42,48,3,202.75,0
user_43,42,5,298.04,0
user_44,47,7,535.96,0
user_45,208,9,283.53,0
user_46,112,3,259.47,1
user_47,246,19,1485.38,0
user_48,111,4,168.48,1
user_49,218,16,1220.75,1
user_50,38,19,798.62,0
user_51,277,5,399.61,1
user_52,260,7,679.08,1
user_53,22,1,92.92,0
user_54,198,4,158.06,1
user_55,235,11,229.6,0
user_56,79,17,795.42,0
user_57,353,14,854.52,1
user_58,202,9,800.19,0
user_59,206,11,528.32,0
user_60,320,7,614.08,0
user_61,353,14,1268.31,0
user_62,181,1,87.08,1
user_63,169,11,528.13,1
user_64,167,18,680.96,1
user_65,158,16,1320.74,0
user_66,57,6,265.15,0
user_67,260,16,1439.54,1
user_68,348,11,230.15,1
user_69,364,2,57.07,1
user_70,287,14,403.9,1
user_71,233,6,596.0,0
user_72,286,16,1228.31,1
user_73,99,13,389.78,1
user_74,71,10,309.37,1
user_75,204,19,1630.81,1
user_76,341,8,656.3,1
user_77,141,3,184.62,1
user_78,267,16,783.51,1
user_79,322,7,467.21,1
user_80,298,3,121.42,1
user_81,94,14,554.71,0
user_82,105,10,615.44,1
user_83,61,17,914.36,0
user_84,312,2,78.83,1
user_85,209,11,1050.19,1
user_86,256,12,662.0,1
user_87,61,11,817.87,0
user_88,175,15,651.4,0
user_89,266,13,526.58,1
user_90,151,16,857.83,1
user_91,331,3,72.2,1
user_92,204,15,1267.0,0
user_93,172,6,554.08,0
user_94,105,1,39.79,1
user_95,315,9,866.27,1
user_96,232,2,55.24,1
user_97,19,7,550.02,0
user_98,56,1,49.48,1
user_99,153,7,639.41,1
user_100,310,4,170.47,1
